SET FOREIGN_KEY_CHECKS = 0;
TRUNCATE TABLE MockCouponIssue;
TRUNCATE TABLE MockReviewAspectSentiment;
TRUNCATE TABLE MockReview;
TRUNCATE TABLE MockOrders;
TRUNCATE TABLE MockVisit;
TRUNCATE TABLE MockRecommendation;
TRUNCATE TABLE MockCustomer;
TRUNCATE TABLE MockStore;
SET FOREIGN_KEY_CHECKS = 1;

INSERT INTO MockStore (StoreID, StoreName) VALUES
    (1, '효과 확실 매장'),
    (2, '효과 불분명 매장'),
    (3, '효과 없음 매장');

INSERT INTO MockCustomer (CustomerID, StoreID, JoinedAt) VALUES
    (101, 1, '2025-01-01 09:00:00'), (102, 1, '2025-02-01 09:00:00'),
    (103, 1, '2026-06-05 09:00:00'), (104, 1, '2026-06-18 09:00:00'),
    (201, 2, '2025-01-01 09:00:00'), (202, 2, '2025-02-01 09:00:00'),
    (203, 2, '2026-06-05 09:00:00'), (204, 2, '2026-06-18 09:00:00'),
    (301, 3, '2025-01-01 09:00:00'), (302, 3, '2025-02-01 09:00:00'),
    (303, 3, '2026-06-05 09:00:00'), (304, 3, '2026-06-18 09:00:00');

INSERT INTO MockVisit (VisitID, StoreID, CustomerID, VisitedAt) VALUES
    (1001,1,101,'2026-06-02 14:10:00'), (1002,1,102,'2026-06-04 15:20:00'),
    (1003,1,103,'2026-06-06 16:10:00'), (1004,1,101,'2026-06-10 12:00:00'),
    (1005,1,101,'2026-06-16 14:10:00'), (1006,1,102,'2026-06-18 15:20:00'),
    (1007,1,103,'2026-06-20 16:10:00'), (1008,1,104,'2026-06-22 14:40:00'),
    (1009,1,101,'2026-06-24 12:00:00'), (1010,1,102,'2026-06-26 16:30:00'),
    (2001,2,201,'2026-06-02 14:10:00'), (2002,2,202,'2026-06-04 15:20:00'),
    (2003,2,203,'2026-06-06 16:10:00'), (2004,2,201,'2026-06-10 12:00:00'),
    (2005,2,201,'2026-06-16 14:10:00'), (2006,2,202,'2026-06-18 15:20:00'),
    (2007,2,204,'2026-06-22 14:40:00'), (2008,2,201,'2026-06-24 12:00:00'),
    (3001,3,301,'2026-06-02 14:10:00'), (3002,3,302,'2026-06-04 15:20:00'),
    (3003,3,303,'2026-06-06 16:10:00'), (3004,3,301,'2026-06-10 12:00:00'),
    (3005,3,301,'2026-06-16 14:10:00'), (3006,3,302,'2026-06-18 15:20:00'),
    (3007,3,301,'2026-06-24 12:00:00');

INSERT INTO MockOrders (OrderID, VisitID, StoreID, CustomerID, OrderedAt, TotalAmount, TargetCustomer) VALUES
    (1001,1001,1,101,'2026-06-02 14:10:00',10000,TRUE),
    (1002,1002,1,102,'2026-06-04 15:20:00',11000,TRUE),
    (1003,1003,1,103,'2026-06-06 16:10:00',9000,FALSE),
    (1004,1004,1,101,'2026-06-10 12:00:00',20000,FALSE),
    (1005,1005,1,101,'2026-06-16 14:10:00',14000,TRUE),
    (1006,1006,1,102,'2026-06-18 15:20:00',15000,TRUE),
    (1007,1007,1,103,'2026-06-20 16:10:00',13000,FALSE),
    (1008,1008,1,104,'2026-06-22 14:40:00',15000,TRUE),
    (1009,1009,1,101,'2026-06-24 12:00:00',21000,FALSE),
    (1010,1010,1,102,'2026-06-26 16:30:00',15000,TRUE),
    (2001,2001,2,201,'2026-06-02 14:10:00',10000,TRUE),
    (2002,2002,2,202,'2026-06-04 15:20:00',11000,TRUE),
    (2003,2003,2,203,'2026-06-06 16:10:00',9000,FALSE),
    (2004,2004,2,201,'2026-06-10 12:00:00',20000,FALSE),
    (2005,2005,2,201,'2026-06-16 14:10:00',11000,TRUE),
    (2006,2006,2,202,'2026-06-18 15:20:00',12000,TRUE),
    (2007,2007,2,204,'2026-06-22 14:40:00',10000,FALSE),
    (2008,2008,2,201,'2026-06-24 12:00:00',21000,FALSE),
    (3001,3001,3,301,'2026-06-02 14:10:00',10000,TRUE),
    (3002,3002,3,302,'2026-06-04 15:20:00',11000,TRUE),
    (3003,3003,3,303,'2026-06-06 16:10:00',9000,FALSE),
    (3004,3004,3,301,'2026-06-10 12:00:00',20000,FALSE),
    (3005,3005,3,301,'2026-06-16 14:10:00',9000,TRUE),
    (3006,3006,3,302,'2026-06-18 15:20:00',9000,TRUE),
    (3007,3007,3,301,'2026-06-24 12:00:00',19000,FALSE);

INSERT INTO MockCouponIssue (CouponIssueID, StoreID, CustomerID, IssuedAt, UsedAt, OrderID, TargetCustomer) VALUES
    (1,1,101,'2026-06-01 09:00:00',NULL,NULL,TRUE),
    (2,1,102,'2026-06-01 09:00:00',NULL,NULL,TRUE),
    (3,1,103,'2026-06-01 09:00:00',NULL,NULL,FALSE),
    (4,1,101,'2026-06-15 10:30:00','2026-06-16 14:10:00',1005,TRUE),
    (5,1,102,'2026-06-15 10:30:00','2026-06-18 15:20:00',1006,TRUE),
    (6,1,104,'2026-06-15 10:30:00','2026-06-22 14:40:00',1008,TRUE),
    (7,2,201,'2026-06-01 09:00:00',NULL,NULL,TRUE),
    (8,2,202,'2026-06-01 09:00:00',NULL,NULL,TRUE),
    (9,2,201,'2026-06-15 10:30:00','2026-06-16 14:10:00',2005,TRUE),
    (10,2,202,'2026-06-15 10:30:00',NULL,NULL,TRUE),
    (11,3,301,'2026-06-01 09:00:00','2026-06-02 14:10:00',3001,TRUE),
    (12,3,302,'2026-06-01 09:00:00',NULL,NULL,TRUE),
    (13,3,301,'2026-06-15 10:30:00',NULL,NULL,TRUE),
    (14,3,302,'2026-06-15 10:30:00',NULL,NULL,TRUE);

INSERT INTO MockReview (ReviewID, StoreID, CustomerID, CreatedAt, Rating, Content, Negative, TargetAspect, AspectSentimentScore) VALUES
    (1,1,101,'2026-06-03 18:00:00',3.0,'대기시간이 너무 길어요',TRUE,'대기시간',-0.800),
    (2,1,102,'2026-06-07 18:00:00',3.0,'기다리는 시간이 아쉬워요',TRUE,'대기시간',-0.600),
    (3,1,103,'2026-06-11 18:00:00',4.0,'음식은 맛있어요',FALSE,'맛',0.700),
    (4,1,101,'2026-06-17 18:00:00',5.0,'대기시간이 크게 줄었어요',FALSE,'대기시간',0.800),
    (5,1,102,'2026-06-21 18:00:00',4.0,'빠르고 친절해요',FALSE,'대기시간',0.600),
    (6,1,104,'2026-06-25 18:00:00',5.0,'만족합니다',FALSE,'친절도',0.900),
    (7,2,201,'2026-06-03 18:00:00',3.0,'대기시간이 길어요',TRUE,'대기시간',-0.600),
    (8,2,202,'2026-06-09 18:00:00',4.0,'보통이에요',FALSE,'맛',0.200),
    (9,2,201,'2026-06-17 18:00:00',3.0,'조금 기다렸어요',TRUE,'대기시간',-0.300),
    (10,2,204,'2026-06-23 18:00:00',4.0,'괜찮아요',FALSE,'친절도',0.400),
    (11,3,301,'2026-06-03 18:00:00',3.0,'대기시간이 길어요',TRUE,'대기시간',-0.600),
    (12,3,302,'2026-06-09 18:00:00',4.0,'맛은 좋아요',FALSE,'맛',0.500),
    (13,3,301,'2026-06-17 18:00:00',2.0,'여전히 너무 오래 기다려요',TRUE,'대기시간',-0.900),
    (14,3,302,'2026-06-23 18:00:00',3.0,'개선이 필요해요',TRUE,'대기시간',-0.500),
    (15,1,103,'2026-06-12 18:00:00',3.0,'서비스는 보통이었어요',FALSE,NULL,NULL);

INSERT INTO MockReviewAspectSentiment
    (ReviewID, Aspect, Sentiment, Confidence, SentimentScore) VALUES
    (1,'convenience','부정',98.000,-0.9800),
    (2,'convenience','부정',94.000,-0.9400),
    (3,'food','긍정',91.000,0.9100),
    (4,'convenience','긍정',97.000,0.9700),
    (5,'convenience','긍정',90.000,0.9000),
    (5,'service','긍정',88.000,0.8800),
    (6,'service','긍정',96.000,0.9600),
    (7,'convenience','부정',93.000,-0.9300),
    (8,'food','중립',82.000,0.0000),
    (9,'convenience','부정',78.000,-0.7800),
    (10,'service','긍정',84.000,0.8400),
    (11,'convenience','부정',91.000,-0.9100),
    (12,'food','긍정',89.000,0.8900),
    (13,'convenience','부정',99.000,-0.9900),
    (14,'convenience','부정',86.000,-0.8600);

INSERT INTO MockRecommendation (
    RecommendationID, DecisionID, StoreID, RecommendationType, ActionID,
    TargetStartHour, TargetEndHour, TargetCustomerGroup, TargetAspect,
    Executed, ExecutedAt
) VALUES
    (10001,'11111111-1111-1111-1111-111111111111',1,'SALES','REVISIT_COUPON',14,17,'DORMANT_CUSTOMER',NULL,TRUE,'2026-06-15 10:00:00'),
    (10002,'22222222-2222-2222-2222-222222222222',2,'SALES','REVISIT_COUPON',14,17,'DORMANT_CUSTOMER',NULL,TRUE,'2026-06-15 10:00:00'),
    (10003,'33333333-3333-3333-3333-333333333333',3,'REVIEW','REDUCE_WAITING_TIME',NULL,NULL,NULL,'convenience',TRUE,'2026-06-15 10:00:00');
